{"cameraMode":{"drawMode":0,"name":"Shaded","section":"Shading Mode"},"sceneLighting":true,"audioPlay":false,"sceneViewState":{"showFog":true,"showMaterialUpdate":true,"showSkybox":true,"showFlares":true,"showImageEffects":true,"showParticleSystems":true},"in2DMode":false,"pivot":{"x":863.4290771484375,"y":505.45697021484377,"z":0.0},"rotation":{"x":-0.017998842522501947,"y":-0.00840685609728098,"z":0.00012446292384993285,"w":-0.999822199344635},"size":83.84447479248047,"orthographic":false}