{"cameraMode":{"drawMode":0,"name":"Shaded","section":"Shading Mode"},"sceneLighting":true,"audioPlay":false,"sceneViewState":{"showFog":true,"showMaterialUpdate":true,"showSkybox":true,"showFlares":true,"showImageEffects":true,"showParticleSystems":true},"in2DMode":false,"pivot":{"x":795.1895141601563,"y":42.40544891357422,"z":0.0},"rotation":{"x":-0.017998842522501947,"y":-0.00840685609728098,"z":0.00012446292384993285,"w":-0.999822199344635},"size":120.85853576660156,"orthographic":false}