{"cameraMode":{"drawMode":0,"name":"Shaded","section":"Shading Mode"},"sceneLighting":false,"audioPlay":false,"sceneViewState":{"showFog":false,"showMaterialUpdate":false,"showSkybox":false,"showFlares":false,"showImageEffects":false,"showParticleSystems":false},"in2DMode":false,"pivot":{"x":0.0,"y":0.5000001192092896,"z":-1.1920928955078126e-7},"rotation":{"x":-0.0035841434728354217,"y":0.9962767362594605,"z":-0.06885306537151337,"w":-0.052057210355997089},"size":6.143980503082275,"orthographic":false}