{"cameraMode":{"drawMode":0,"name":"Shaded","section":"Shading Mode"},"sceneLighting":true,"audioPlay":false,"sceneViewState":{"showFog":true,"showMaterialUpdate":true,"showSkybox":true,"showFlares":true,"showImageEffects":true,"showParticleSystems":true},"in2DMode":false,"pivot":{"x":374.3106384277344,"y":321.22772216796877,"z":28.82416534423828},"rotation":{"x":-0.017998842522501947,"y":-0.00840685609728098,"z":0.00012446292384993285,"w":-0.999822199344635},"size":236.36495971679688,"orthographic":false}